{
  "ARBITRUM": {
    "strategy 3": [
      {
        "chain": "ARBITRUM",
        "pairProtocol": [
          "silov1.0xfc6778a6955e1cecac448051de967f9b5ff4d647",
          "aavev3"
        ],
        "pairToken": [
          "USDC",
          "WETH"
        ],
        "pairTokenAddress": [
          "0xFF970A61A04b1cA14834A43f5dE4533eBDDB5CC8",
          "0x82aF49447D8a07e3bd95BD0d56f35241523fBab1"
        ],
        "estimate_apr": 0.02212130596015878,
        "apr": {
          "USDC": {
            "silov1.0xfc6778a6955e1cecac448051de967f9b5ff4d647": {
              "DepositAPR": 0.0926,
              "LTV": 0.8
            },
            "aavev3": {
              "BorrowAPR": 0.07665094531802365
            }
          },
          "WETH": {
            "silov1.0xfc6778a6955e1cecac448051de967f9b5ff4d647": {
              "BorrowAPR": 0.0001
            },
            "aavev3": {
              "DepositAPR": 0.01499238870461739,
              "LTV": 0.8
            }
          }
        }
      },
      {
        "chain": "ARBITRUM",
        "pairProtocol": [
          "aavev3",
          "silov1.0xfc6778a6955e1cecac448051de967f9b5ff4d647"
        ],
        "pairToken": [
          "WETH",
          "USDC"
        ],
        "pairTokenAddress": [
          "0x82aF49447D8a07e3bd95BD0d56f35241523fBab1",
          "0xFF970A61A04b1cA14834A43f5dE4533eBDDB5CC8"
        ],
        "estimate_apr": 0.02229038319696387,
        "apr": {
          "WETH": {
            "aavev3": {
              "DepositAPR": 0.014992405392785596,
              "LTV": 0.8
            },
            "silov1.0xfc6778a6955e1cecac448051de967f9b5ff4d647": {
              "BorrowAPR": 0.0001
            }
          },
          "USDC": {
            "aavev3": {
              "BorrowAPR": 0.07665094531802365
            },
            "silov1.0xfc6778a6955e1cecac448051de967f9b5ff4d647": {
              "DepositAPR": 0.0926,
              "LTV": 0.8
            }
          }
        }
      }
    ]
  }
}