{
  "ARBITRUM": {
    "strategy 3": [
      {
        "chain": "ARBITRUM",
        "pairProtocol": [
          "SILOv1.0x0696e6808ee11a5750733a3d821f9bb847e584fb",
          "SILOv1.0xfc6778a6955e1cecac448051de967f9b5ff4d647"
        ],
        "pairToken": [
          "WETH",
          "USDC"
        ],
        "pairTokenAddress": [
          "0x82af49447d8a07e3bd95bd0d56f35241523fbab1",
          "0xff970a61a04b1ca14834a43f5de4533ebddb5cc8"
        ],
        "estimateAPR": 0.0032399999999999994,
        "apr": {
          "WETH": {
            "0x0696e6808ee11a5750733a3d821f9bb847e584fb": {
              "DepositAPR": 0.0015,
              "LTV": 0.75
            },
            "0xfc6778a6955e1cecac448051de967f9b5ff4d647": {
              "BorrowAPR": 0.0001
            }
          },
          "USDC": {
            "0x0696e6808ee11a5750733a3d821f9bb847e584fb": {
              "BorrowAPR": 0.0894
            },
            "0xfc6778a6955e1cecac448051de967f9b5ff4d647": {
              "DepositAPR": 0.0926,
              "LTV": 0.8
            }
          }
        }
      },
      {
        "chain": "ARBITRUM",
        "pairProtocol": [
          "SILOv1.0x170a90981843461295a6ce0e0a631ee440222e29",
          "SILOv1.0xde998e5eef06dd09ff467086610b175f179a66a0"
        ],
        "pairToken": [
          "WETH",
          "USDC"
        ],
        "pairTokenAddress": [
          "0x82af49447d8a07e3bd95bd0d56f35241523fbab1",
          "0xff970a61a04b1ca14834a43f5de4533ebddb5cc8"
        ],
        "estimateAPR": 0.004109999999999999,
        "apr": {
          "WETH": {
            "0x170a90981843461295a6ce0e0a631ee440222e29": {
              "DepositAPR": 0.0218,
              "LTV": 0.75
            },
            "0xde998e5eef06dd09ff467086610b175f179a66a0": {
              "BorrowAPR": 0.0182
            }
          },
          "USDC": {
            "0x170a90981843461295a6ce0e0a631ee440222e29": {
              "BorrowAPR": 0.0551
            },
            "0xde998e5eef06dd09ff467086610b175f179a66a0": {
              "DepositAPR": 0.0577,
              "LTV": 0.8
            }
          }
        }
      },
      {
        "chain": "ARBITRUM",
        "pairProtocol": [
          "SILOv1.0x170a90981843461295a6ce0e0a631ee440222e29",
          "SILOv1.0xfc6778a6955e1cecac448051de967f9b5ff4d647"
        ],
        "pairToken": [
          "WETH",
          "USDC"
        ],
        "pairTokenAddress": [
          "0x82af49447d8a07e3bd95bd0d56f35241523fbab1",
          "0xff970a61a04b1ca14834a43f5de4533ebddb5cc8"
        ],
        "estimateAPR": 0.041145,
        "apr": {
          "WETH": {
            "0x170a90981843461295a6ce0e0a631ee440222e29": {
              "DepositAPR": 0.0218,
              "LTV": 0.75
            },
            "0xfc6778a6955e1cecac448051de967f9b5ff4d647": {
              "BorrowAPR": 0.0001
            }
          },
          "USDC": {
            "0x170a90981843461295a6ce0e0a631ee440222e29": {
              "BorrowAPR": 0.0551
            },
            "0xfc6778a6955e1cecac448051de967f9b5ff4d647": {
              "DepositAPR": 0.0926,
              "LTV": 0.8
            }
          }
        }
      },
      {
        "chain": "ARBITRUM",
        "pairProtocol": [
          "SILOv1.0xde998e5eef06dd09ff467086610b175f179a66a0",
          "SILOv1.0x170a90981843461295a6ce0e0a631ee440222e29"
        ],
        "pairToken": [
          "USDC",
          "WETH"
        ],
        "pairTokenAddress": [
          "0xff970a61a04b1ca14834a43f5de4533ebddb5cc8",
          "0x82af49447d8a07e3bd95bd0d56f35241523fbab1"
        ],
        "estimateAPR": 0.0044399999999999995,
        "apr": {
          "USDC": {
            "0xde998e5eef06dd09ff467086610b175f179a66a0": {
              "DepositAPR": 0.0577,
              "LTV": 0.8
            },
            "0x170a90981843461295a6ce0e0a631ee440222e29": {
              "BorrowAPR": 0.0551
            }
          },
          "WETH": {
            "0xde998e5eef06dd09ff467086610b175f179a66a0": {
              "BorrowAPR": 0.0182
            },
            "0x170a90981843461295a6ce0e0a631ee440222e29": {
              "DepositAPR": 0.0218,
              "LTV": 0.75
            }
          }
        }
      },
      {
        "chain": "ARBITRUM",
        "pairProtocol": [
          "SILOv1.0xfc6778a6955e1cecac448051de967f9b5ff4d647",
          "SILOv1.0x0696e6808ee11a5750733a3d821f9bb847e584fb"
        ],
        "pairToken": [
          "USDC",
          "WETH"
        ],
        "pairTokenAddress": [
          "0xff970a61a04b1ca14834a43f5de4533ebddb5cc8",
          "0x82af49447d8a07e3bd95bd0d56f35241523fbab1"
        ],
        "estimateAPR": 0.003040000000000008,
        "apr": {
          "USDC": {
            "0xfc6778a6955e1cecac448051de967f9b5ff4d647": {
              "DepositAPR": 0.0926,
              "LTV": 0.8
            },
            "0x0696e6808ee11a5750733a3d821f9bb847e584fb": {
              "BorrowAPR": 0.0894
            }
          },
          "WETH": {
            "0xfc6778a6955e1cecac448051de967f9b5ff4d647": {
              "BorrowAPR": 0.0001
            },
            "0x0696e6808ee11a5750733a3d821f9bb847e584fb": {
              "DepositAPR": 0.0015,
              "LTV": 0.75
            }
          }
        }
      },
      {
        "chain": "ARBITRUM",
        "pairProtocol": [
          "SILOv1.0xfc6778a6955e1cecac448051de967f9b5ff4d647",
          "SILOv1.0x170a90981843461295a6ce0e0a631ee440222e29"
        ],
        "pairToken": [
          "USDC",
          "WETH"
        ],
        "pairTokenAddress": [
          "0xff970a61a04b1ca14834a43f5de4533ebddb5cc8",
          "0x82af49447d8a07e3bd95bd0d56f35241523fbab1"
        ],
        "estimateAPR": 0.03986000000000001,
        "apr": {
          "USDC": {
            "0xfc6778a6955e1cecac448051de967f9b5ff4d647": {
              "DepositAPR": 0.0926,
              "LTV": 0.8
            },
            "0x170a90981843461295a6ce0e0a631ee440222e29": {
              "BorrowAPR": 0.0551
            }
          },
          "WETH": {
            "0xfc6778a6955e1cecac448051de967f9b5ff4d647": {
              "BorrowAPR": 0.0001
            },
            "0x170a90981843461295a6ce0e0a631ee440222e29": {
              "DepositAPR": 0.0218,
              "LTV": 0.75
            }
          }
        }
      },
      {
        "chain": "ARBITRUM",
        "pairProtocol": [
          "SILOv1.0xfc6778a6955e1cecac448051de967f9b5ff4d647",
          "SILOv1.0x5eda4bee7ba556e65bc4fb9eed5d74e61bc1f2a9"
        ],
        "pairToken": [
          "USDC",
          "WETH"
        ],
        "pairTokenAddress": [
          "0xff970a61a04b1ca14834a43f5de4533ebddb5cc8",
          "0x82af49447d8a07e3bd95bd0d56f35241523fbab1"
        ],
        "estimateAPR": 0.021180000000000004,
        "apr": {
          "USDC": {
            "0xfc6778a6955e1cecac448051de967f9b5ff4d647": {
              "DepositAPR": 0.0926,
              "LTV": 0.8
            },
            "0x5eda4bee7ba556e65bc4fb9eed5d74e61bc1f2a9": {
              "BorrowAPR": 0.0601
            }
          },
          "WETH": {
            "0xfc6778a6955e1cecac448051de967f9b5ff4d647": {
              "BorrowAPR": 0.0001
            },
            "0x5eda4bee7ba556e65bc4fb9eed5d74e61bc1f2a9": {
              "DepositAPR": 0.0022,
              "LTV": 0.75
            }
          }
        }
      },
      {
        "chain": "ARBITRUM",
        "pairProtocol": [
          "SILOv1.0xfc6778a6955e1cecac448051de967f9b5ff4d647",
          "SILOv1.0x033f86120c101b0480b5c70327a8e90c4ae35041"
        ],
        "pairToken": [
          "USDC",
          "WETH"
        ],
        "pairTokenAddress": [
          "0xff970a61a04b1ca14834a43f5de4533ebddb5cc8",
          "0x82af49447d8a07e3bd95bd0d56f35241523fbab1"
        ],
        "estimateAPR": 0.03096000000000001,