{
  "ARBITRUM": {
    "strategy 3": [
      {
        "chain": "ARBITRUM",
        "pairProtocol": [
          "SILOv1.0x0696e6808ee11a5750733a3d821f9bb847e584fb",
          "SILOv1.0xae1eb69e880670ca47c50c9ce712ec2b48fac3b6"
        ],
        "pairToken": [
          "WETH",
          "USDC"
        ],
        "pairTokenAddress": [
          "0x82af49447d8a07e3bd95bd0d56f35241523fbab1",
          "0xff970a61a04b1ca14834a43f5de4533ebddb5cc8"
        ],
        "estimateAPR": 0.020190000000000007,
        "apr": {
          "WETH": {
            "0x0696e6808ee11a5750733a3d821f9bb847e584fb": {
              "DepositAPR": 0.0081,
              "LTV": 0.75
            },
            "0xae1eb69e880670ca47c50c9ce712ec2b48fac3b6": {
              "BorrowAPR": 0.0067
            }
          },
          "USDC": {
            "0x0696e6808ee11a5750733a3d821f9bb847e584fb": {
              "BorrowAPR": 0.0785
            },
            "0xae1eb69e880670ca47c50c9ce712ec2b48fac3b6": {
              "DepositAPR": 0.1043,
              "LTV": 0.8
            }
          }
        }
      },
      {
        "chain": "ARBITRUM",
        "pairProtocol": [
          "SILOv1.0xa8897b4552c075e884bdb8e7b704eb10db29bf0d",
          "SILOv1.0xde998e5eef06dd09ff467086610b175f179a66a0"
        ],
        "pairToken": [
          "WETH",
          "USDC"
        ],
        "pairTokenAddress": [
          "0x82af49447d8a07e3bd95bd0d56f35241523fbab1",
          "0xff970a61a04b1ca14834a43f5de4533ebddb5cc8"
        ],
        "estimateAPR": 0.05837799999999999,
        "apr": {
          "WETH": {
            "0xa8897b4552c075e884bdb8e7b704eb10db29bf0d": {
              "DepositAPR": 0.0174,
              "LTV": 0.85
            },
            "0xde998e5eef06dd09ff467086610b175f179a66a0": {
              "BorrowAPR": 0.0173
            }
          },
          "USDC": {
            "0xa8897b4552c075e884bdb8e7b704eb10db29bf0d": {
              "BorrowAPR": 0.0495
            },
            "0xde998e5eef06dd09ff467086610b175f179a66a0": {
              "DepositAPR": 0.1181,
              "LTV": 0.8
            }
          }
        }
      },
      {
        "chain": "ARBITRUM",
        "pairProtocol": [
          "SILOv1.0xa8897b4552c075e884bdb8e7b704eb10db29bf0d",
          "SILOv1.0xfc6778a6955e1cecac448051de967f9b5ff4d647"
        ],
        "pairToken": [
          "WETH",
          "USDC"
        ],
        "pairTokenAddress": [
          "0x82af49447d8a07e3bd95bd0d56f35241523fbab1",
          "0xff970a61a04b1ca14834a43f5de4533ebddb5cc8"
        ],
        "estimateAPR": 0.031824,
        "apr": {
          "WETH": {
            "0xa8897b4552c075e884bdb8e7b704eb10db29bf0d": {
              "DepositAPR": 0.0174,
              "LTV": 0.85
            },
            "0xfc6778a6955e1cecac448051de967f9b5ff4d647": {
              "BorrowAPR": 0.0001
            }
          },
          "USDC": {
            "0xa8897b4552c075e884bdb8e7b704eb10db29bf0d": {
              "BorrowAPR": 0.0495
            },
            "0xfc6778a6955e1cecac448051de967f9b5ff4d647": {
              "DepositAPR": 0.0731,
              "LTV": 0.8
            }
          }
        }
      },
      {
        "chain": "ARBITRUM",
        "pairProtocol": [
          "SILOv1.0xa8897b4552c075e884bdb8e7b704eb10db29bf0d",
          "SILOv1.0xae1eb69e880670ca47c50c9ce712ec2b48fac3b6"
        ],
        "pairToken": [
          "WETH",
          "USDC"
        ],
        "pairTokenAddress": [
          "0x82af49447d8a07e3bd95bd0d56f35241523fbab1",
          "0xff970a61a04b1ca14834a43f5de4533ebddb5cc8"
        ],
        "estimateAPR": 0.053856,
        "apr": {
          "WETH": {
            "0xa8897b4552c075e884bdb8e7b704eb10db29bf0d": {
              "DepositAPR": 0.0174,
              "LTV": 0.85
            },
            "0xae1eb69e880670ca47c50c9ce712ec2b48fac3b6": {
              "BorrowAPR": 0.0067
            }
          },
          "USDC": {
            "0xa8897b4552c075e884bdb8e7b704eb10db29bf0d": {
              "BorrowAPR": 0.0495
            },
            "0xae1eb69e880670ca47c50c9ce712ec2b48fac3b6": {
              "DepositAPR": 0.1043,
              "LTV": 0.8
            }
          }
        }
      },
      {
        "chain": "ARBITRUM",
        "pairProtocol": [
          "SILOv1.0x170a90981843461295a6ce0e0a631ee440222e29",
          "SILOv1.0xfc6778a6955e1cecac448051de967f9b5ff4d647"
        ],
        "pairToken": [
          "WETH",
          "USDC"
        ],
        "pairTokenAddress": [
          "0x82af49447d8a07e3bd95bd0d56f35241523fbab1",
          "0xff970a61a04b1ca14834a43f5de4533ebddb5cc8"
        ],
        "estimateAPR": 0.01896,
        "apr": {
          "WETH": {
            "0x170a90981843461295a6ce0e0a631ee440222e29": {
              "DepositAPR": 0.0062,
              "LTV": 0.75
            },
            "0xfc6778a6955e1cecac448051de967f9b5ff4d647": {
              "BorrowAPR": 0.0001
            }
          },
          "USDC": {
            "0x170a90981843461295a6ce0e0a631ee440222e29": {
              "BorrowAPR": 0.0527
            },
            "0xfc6778a6955e1cecac448051de967f9b5ff4d647": {
              "DepositAPR": 0.0731,
              "LTV": 0.8
            }
          }
        }
      },
      {
        "chain": "ARBITRUM",
        "pairProtocol": [
          "SILOv1.0xde998e5eef06dd09ff467086610b175f179a66a0",
          "SILOv1.0xa8897b4552c075e884bdb8e7b704eb10db29bf0d"
        ],
        "pairToken": [
          "USDC",
          "WETH"
        ],
        "pairTokenAddress": [
          "0xff970a61a04b1ca14834a43f5de4533ebddb5cc8",
          "0x82af49447d8a07e3bd95bd0d56f35241523fbab1"
        ],
        "estimateAPR": 0.046728000000000006,
        "apr": {
          "USDC": {
            "0xde998e5eef06dd09ff467086610b175f179a66a0": {
              "DepositAPR": 0.1181,
              "LTV": 0.8
            },
            "0xa8897b4552c075e884bdb8e7b704eb10db29bf0d": {
              "BorrowAPR": 0.0495
            }
          },
          "WETH": {
            "0xde998e5eef06dd09ff467086610b175f179a66a0": {
              "BorrowAPR": 0.0173
            },
            "0xa8897b4552c075e884bdb8e7b704eb10db29bf0d": {
              "DepositAPR": 0.0174,
              "LTV": 0.85
            }
          }
        }
      },
      {
        "chain": "ARBITRUM",
        "pairProtocol": [
          "SILOv1.0xfc6778a6955e1cecac448051de967f9b5ff4d647",
          "SILOv1.0xa8897b4552c075e884bdb8e7b704eb10db29bf0d"
        ],
        "pairToken": [
          "USDC",
          "WETH"
        ],
        "pairTokenAddress": [
          "0xff970a61a04b1ca14834a43f5de4533ebddb5cc8",
          "0x82af49447d8a07e3bd95bd0d56f35241523fbab1"
        ],
        "estimateAPR": 0.029887999999999998,
        "apr": {
          "USDC": {
            "0xfc6778a6955e1cecac448051de967f9b5ff4d647": {
              "DepositAPR": 0.0731,
              "LTV": 0.8
            },
            "0xa8897b4552c075e884bdb8e7b704eb10db29bf0d": {
              "BorrowAPR": 0.0495
            }
          },
          "WETH": {
            "0xfc6778a6955e1cecac448051de967f9b5ff4d647": {
              "BorrowAPR": 0.0001
            },
            "0xa8897b4552c075e884bdb8e7b704eb10db29bf0d": {
              "DepositAPR": 0.0174,
              "LTV": 0.85
            }
          }
        }
      },
      {
        "chain": "ARBITRUM",
        "pairProtocol": [
          "SILOv1.0xfc6778a6955e1cecac448051de967f9b5ff4d647",
          "SILOv1.0x170a90981843461295a6ce0e0a631ee440222e29"
        ],
        "pairToken": [
          "USDC",
          "WETH"
        ],
        "pairTokenAddress": [
          "0xff970a61a04b1ca14834a43f5de4533ebddb5cc8",
          "0x82af49447d8a07e3bd95bd0d56f35241523fbab1"
        ],
        "estimateAPR": 0.01712,
        "apr": {
          "USDC": {
            "0xfc6778a6955e1cecac448051de967f9b5ff4d647": {
              "DepositAPR": 0.0731,